{
  "num_runs": 5,
  "accuracies": [
    0.9923450712295169,
    0.9913926035482432,
    0.992571532807151,
    0.9938845447846121,
    0.991248769937915
  ],
  "mean_accuracy": 0.9922885044614876,
  "std_accuracy": 0.001062348328303202,
  "min_accuracy": 0.991248769937915,
  "max_accuracy": 0.9938845447846121,
  "confidence_interval_95": [
    0.9909694247886816,
    0.9936075841342937
  ],
  "all_metrics": {
    "precision_macro": {
      "mean": 0.9927256237105601,
      "std": 0.0007353376918391358
    },
    "recall_macro": {
      "mean": 0.9921535811118852,
      "std": 0.0015411145680617674
    },
    "f1_macro": {
      "mean": 0.992439071352581,
      "std": 0.0009493512150558457
    },
    "specificity": {
      "mean": 0.9935722646427202,
      "std": 0.0014297386232810336
    }
  }
}