{
  "num_runs": 5,
  "accuracies": [
    0.8933333333333333,
    0.88,
    0.8933333333333333,
    0.8933333333333333,
    0.8933333333333333
  ],
  "mean_accuracy": 0.8906666666666668,
  "std_accuracy": 0.0059628479399994275,
  "min_accuracy": 0.88,
  "max_accuracy": 0.8933333333333333,
  "confidence_interval_95": [
    0.8832628130528061,
    0.8980705202805276
  ],
  "all_metrics": {
    "precision_macro": {
      "mean": 0.8901986298475094,
      "std": 0.007294379777754338
    },
    "recall_macro": {
      "mean": 0.8922601744186046,
      "std": 0.011162423120405348
    },
    "f1_macro": {
      "mean": 0.8888203508343604,
      "std": 0.0066797991440033155
    },
    "specificity": {
      "mean": 0.8813953488372093,
      "std": 0.04082206902684177
    }
  }
}